{
  "minecraft:recipes/decorations/crafting_table": {
    "criteria": {
      "unlock_right_away": "2024-04-23 22:20:55 -0500"
    },
    "done": true
  },
  "minecraft:adventure/adventuring_time": {
    "criteria": {
      "minecraft:sparse_jungle": "2024-04-23 22:29:21 -0500",
      "minecraft:lukewarm_ocean": "2024-04-23 22:23:06 -0500",
      "minecraft:stony_shore": "2024-04-23 22:23:03 -0500",
      "minecraft:jungle": "2024-04-23 22:20:56 -0500"
    },
    "done": false
  },
  "create:root": {
    "criteria": {
      "0": "2024-04-23 22:25:48 -0500"
    },
    "done": true
  },
  "minecraft:recipes/building_blocks/stone_bricks": {
    "criteria": {
      "has_stone": "2024-04-23 22:38:04 -0500"
    },
    "done": true
  },
  "minecraft:recipes/decorations/ladder": {
    "criteria": {
      "has_stick": "2024-04-23 22:34:21 -0500"
    },
    "done": true
  },
  "computercraft:recipes/redstone/monitor_normal": {
    "criteria": {
      "has_computer": "2024-04-23 22:36:50 -0500"
    },
    "done": true
  },
  "create:extendo_grip": {
    "criteria": {
      "0": "2024-04-23 22:40:09 -0500"
    },
    "done": true
  },
  "computercraft:recipes/redstone/wired_modem_full_from": {
    "criteria": {
      "has_modem": "2024-04-23 22:36:41 -0500"
    },
    "done": true
  },
  "computercraft:recipes/redstone/printer": {
    "criteria": {
      "has_computer": "2024-04-23 22:36:50 -0500"
    },
    "done": true
  },
  "computercraft:recipes/redstone/cable": {
    "criteria": {
      "has_modem": "2024-04-23 22:36:41 -0500"
    },
    "done": true
  },
  "computercraft:recipes/redstone/wireless_modem_advanced": {
    "criteria": {
      "has_computer": "2024-04-23 22:36:50 -0500"
    },
    "done": true
  },
  "minecraft:recipes/tools/wooden_axe": {
    "criteria": {
      "has_stick": "2024-04-23 22:34:21 -0500"
    },
    "done": true
  },
  "minecraft:recipes/building_blocks/stone_bricks_from_stone_stonecutting": {
    "criteria": {
      "has_stone": "2024-04-23 22:38:04 -0500"
    },
    "done": true
  },
  "computercraft:recipes/redstone/wired_modem_full_to": {
    "criteria": {
      "has_modem": "2024-04-23 22:36:41 -0500"
    },
    "done": true
  },
  "minecraft:recipes/building_blocks/stone_slab": {
    "criteria": {
      "has_stone": "2024-04-23 22:38:04 -0500"
    },
    "done": true
  },
  "minecraft:recipes/decorations/chest": {
    "criteria": {
      "has_lots_of_items": "2024-04-23 22:42:50 -0500"
    },
    "done": true
  },
  "minecraft:recipes/building_blocks/stone_stairs_from_stone_stonecutting": {
    "criteria": {
      "has_stone": "2024-04-23 22:38:04 -0500"
    },
    "done": true
  },
  "computercraft:recipes/redstone/disk_drive": {
    "criteria": {
      "has_computer": "2024-04-23 22:36:50 -0500"
    },
    "done": true
  },
  "minecraft:recipes/redstone/stone_button": {
    "criteria": {
      "has_stone": "2024-04-23 22:38:04 -0500"
    },
    "done": true
  },
  "minecraft:recipes/decorations/stonecutter": {
    "criteria": {
      "has_stone": "2024-04-23 22:38:04 -0500"
    },
    "done": true
  },
  "computercraft:recipes/redstone/speaker": {
    "criteria": {
      "has_computer": "2024-04-23 22:36:50 -0500"
    },
    "done": true
  },
  "minecraft:recipes/redstone/stone_pressure_plate": {
    "criteria": {
      "has_stone": "2024-04-23 22:38:04 -0500"
    },
    "done": true
  },
  "minecraft:recipes/building_blocks/smooth_stone": {
    "criteria": {
      "has_stone": "2024-04-23 22:38:04 -0500"
    },
    "done": true
  },
  "computercraft:recipes/redstone/wired_modem": {
    "criteria": {
      "has_cable": "2024-04-23 22:36:44 -0500"
    },
    "done": true
  },
  "computercraft:recipes/redstone/wireless_modem_normal": {
    "criteria": {
      "has_computer": "2024-04-23 22:36:50 -0500"
    },
    "done": true
  },
  "minecraft:recipes/decorations/stone_brick_walls_from_stone_stonecutting": {
    "criteria": {
      "has_stone": "2024-04-23 22:38:04 -0500"
    },
    "done": true
  },
  "computercraft:recipes/decorations/skull_dan200": {
    "criteria": {
      "has_computer": "2024-04-23 22:36:50 -0500"
    },
    "done": true
  },
  "minecraft:recipes/building_blocks/stone_brick_slab_from_stone_stonecutting": {
    "criteria": {
      "has_stone": "2024-04-23 22:38:04 -0500"
    },
    "done": true
  },
  "minecraft:recipes/building_blocks/stone_brick_stairs_from_stone_stonecutting": {
    "criteria": {
      "has_stone": "2024-04-23 22:38:04 -0500"
    },
    "done": true
  },
  "minecraft:recipes/decorations/campfire": {
    "criteria": {
      "has_stick": "2024-04-23 22:34:21 -0500"
    },
    "done": true
  },
  "minecraft:recipes/building_blocks/stone_slab_from_stone_stonecutting": {
    "criteria": {
      "has_stone": "2024-04-23 22:38:04 -0500"
    },
    "done": true
  },
  "minecraft:recipes/tools/wooden_hoe": {
    "criteria": {
      "has_stick": "2024-04-23 22:34:21 -0500"
    },
    "done": true
  },
  "computercraft:recipes/redstone/disk_8": {
    "criteria": {
      "has_drive": "2024-04-23 22:36:46 -0500"
    },
    "done": true
  },
  "computercraft:recipes/redstone/disk_9": {
    "criteria": {
      "has_drive": "2024-04-23 22:36:46 -0500"
    },
    "done": true
  },
  "computercraft:recipes/redstone/disk_6": {
    "criteria": {
      "has_drive": "2024-04-23 22:36:46 -0500"
    },
    "done": true
  },
  "computercraft:recipes/redstone/disk_7": {
    "criteria": {
      "has_drive": "2024-04-23 22:36:46 -0500"
    },
    "done": true
  },
  "computercraft:recipes/redstone/disk_1": {
    "criteria": {
      "has_drive": "2024-04-23 22:36:46 -0500"
    },
    "done": true
  },
  "minecraft:recipes/tools/wooden_pickaxe": {
    "criteria": {
      "has_stick": "2024-04-23 22:34:21 -0500"
    },
    "done": true
  },
  "computercraft:recipes/redstone/disk_4": {
    "criteria": {
      "has_drive": "2024-04-23 22:36:46 -0500"
    },
    "done": true
  },
  "computercraft:recipes/redstone/disk_5": {
    "criteria": {
      "has_drive": "2024-04-23 22:36:46 -0500"
    },
    "done": true
  },
  "computercraft:recipes/redstone/disk_2": {
    "criteria": {
      "has_drive": "2024-04-23 22:36:46 -0500"
    },
    "done": true
  },
  "computercraft:recipes/redstone/disk_3": {
    "criteria": {
      "has_drive": "2024-04-23 22:36:46 -0500"
    },
    "done": true
  },
  "computercraft:recipes/redstone/pocket_computer_normal": {
    "criteria": {
      "has_computer": "2024-04-23 22:36:50 -0500"
    },
    "done": true
  },
  "computercraft:recipes/redstone/monitor_advanced": {
    "criteria": {
      "has_computer": "2024-04-23 22:36:50 -0500"
    },
    "done": true
  },
  "minecraft:recipes/building_blocks/chiseled_stone_bricks_stone_from_stonecutting": {
    "criteria": {
      "has_stone": "2024-04-23 22:38:04 -0500"
    },
    "done": true
  },
  "minecraft:recipes/tools/wooden_shovel": {
    "criteria": {
      "has_stick": "2024-04-23 22:34:21 -0500"
    },
    "done": true
  },
  "computercraft:recipes/redstone/pocket_computer_advanced": {
    "criteria": {
      "has_computer": "2024-04-23 22:36:50 -0500"
    },
    "done": true
  },
  "computercraft:recipes/redstone/disk_12": {
    "criteria": {
      "has_drive": "2024-04-23 22:36:46 -0500"
    },
    "done": true
  },
  "computercraft:recipes/redstone/disk_11": {
    "criteria": {
      "has_drive": "2024-04-23 22:36:46 -0500"
    },
    "done": true
  },
  "computercraft:recipes/redstone/disk_14": {
    "criteria": {
      "has_drive": "2024-04-23 22:36:46 -0500"
    },
    "done": true
  },
  "computercraft:recipes/redstone/disk_13": {
    "criteria": {
      "has_drive": "2024-04-23 22:36:46 -0500"
    },
    "done": true
  },
  "computercraft:recipes/redstone/disk_10": {
    "criteria": {
      "has_drive": "2024-04-23 22:36:46 -0500"
    },
    "done": true
  },
  "computercraft:recipes/redstone/disk_16": {
    "criteria": {
      "has_drive": "2024-04-23 22:36:46 -0500"
    },
    "done": true
  },
  "computercraft:recipes/redstone/disk_15": {
    "criteria": {
      "has_drive": "2024-04-23 22:36:46 -0500"
    },
    "done": true
  },
  "minecraft:recipes/combat/wooden_sword": {
    "criteria": {
      "has_stick": "2024-04-23 22:34:21 -0500"
    },
    "done": true
  },
  "minecraft:recipes/building_blocks/stone_stairs": {
    "criteria": {
      "has_stone": "2024-04-23 22:38:04 -0500"
    },
    "done": true
  },
  "DataVersion": 3465
}