{"stats":{"minecraft:picked_up":{"minecraft:stick":1,"minecraft:netherite_sword":1},"minecraft:dropped":{"minecraft:netherite_sword":2,"minecraft:stick":1},"minecraft:custom":{"minecraft:jump":32,"minecraft:time_since_rest":30321,"minecraft:crouch_one_cm":841,"minecraft:sprint_one_cm":7057,"minecraft:leave_game":4,"minecraft:play_time":30321,"minecraft:time_since_death":30321,"minecraft:walk_one_cm":25196,"minecraft:sneak_time":1015,"minecraft:climb_one_cm":46,"minecraft:total_world_time":30321,"minecraft:drop":3,"minecraft:fly_one_cm":75275},"minecraft:used":{"computercraft:cable":40,"computercraft:wired_modem":33,"computercraft:computer_advanced":1,"computercraft:wired_modem_full":1,"minecraft:stone":26,"computercraft:disk_drive":32}},"DataVersion":3465}