{"stats":{"minecraft:picked_up":{"minecraft:cocoa_beans":3,"minecraft:stick":8,"minecraft:jungle_sapling":1,"minecraft:oak_sapling":4,"minecraft:wheat_seeds":21,"minecraft:netherite_sword":1},"minecraft:custom":{"minecraft:jump":9,"minecraft:time_since_rest":27364,"minecraft:leave_game":1,"minecraft:crouch_one_cm":1306,"minecraft:sprint_one_cm":27051,"minecraft:play_time":27364,"minecraft:walk_on_water_one_cm":2726,"minecraft:time_since_death":27364,"minecraft:walk_one_cm":38834,"minecraft:sneak_time":2220,"minecraft:total_world_time":27364,"minecraft:walk_under_water_one_cm":451,"minecraft:fly_one_cm":72702},"minecraft:used":{"minecraft:oak_planks":135}},"DataVersion":3465}